{
    "using_ios": false,
    "using_android": true,
    "analytics": false,
    "firestore": false,
    "realtimedb": false,
    "authentication": false,
    "remote_config": false,
    "performance_monitoring": false,
    "external_push_client_only": true,
    "messaging": true,
    "in_app_messaging": true,
    "crashlytics": false,
    "storage": true,
    "functions": true,
    "facebook_auth": false,
    "google_auth": false,
    "admob": false,
    "dynamic_links": false,
    "ml_kit": false
}