<?xml version="1.0" encoding="utf-8"?>
<resources>
  <string name="choose_country">"Choose country"</string>
  <string name="igraj_kviz">"Play the QUIZ!"</string>
  <string name="bodova">"points"</string>
  <string name="pozicija">"position"</string>
  <string name="izvestaj_dana">"THE EVENING REPORT"</string>
  <string name="dnevnik_kafa">"DAILY CONSUMPTION OF COFFEE"</string>
  <string name="logout">"Logout"</string>
  <string name="prom_zemlja">"Change the country"</string>
  <string name="podrska">"Technical support"</string>
  <string name="sacuvaj">"save"</string>
  <string name="_app_name_1k3Sbz">"Coffee diary"</string>
  <string name="app_name">"Coffee diary"</string>
  <string name="title_activity_kimera">"Coffee diary"</string>
</resources>
